{
    "Token_0": {
        "Type": "keywords",
        "id": 0,
        "value": "import"
    },
    "Token_1": {
        "Type": "literals",
        "id": 600,
        "value": "\"scl.h\""
    },
    "Token_2": {
        "Type": "EndOfStatement",
        "id": 1000,
        "value": "EOS"
    },
    "Token_3": {
        "Type": "keywords",
        "id": 1,
        "value": "implementations"
    },
    "Token_4": {
        "Type": "EndOfStatement",
        "id": 1000,
        "value": "EOS"
    },
    "Token_5": {
        "Type": "keywords",
        "id": 2,
        "value": "function"
    },
    "Token_6": {
        "Type": "keywords",
        "id": 3,
        "value": "main"
    },
    "Token_7": {
        "Type": "keywords",
        "id": 4,
        "value": "return"
    },
    "Token_8": {
        "Type": "keywords",
        "id": 5,
        "value": "type"
    },
    "Token_9": {
        "Type": "keywords",
        "id": 6,
        "value": "integer"
    },
    "Token_10": {
        "Type": "keywords",
        "id": 10,
        "value": "is"
    },
    "Token_11": {
        "Type": "EndOfStatement",
        "id": 1000,
        "value": "EOS"
    },
    "Token_12": {
        "Type": "keywords",
        "id": 11,
        "value": "variables"
    },
    "Token_13": {
        "Type": "EndOfStatement",
        "id": 1000,
        "value": "EOS"
    },
    "Token_14": {
        "Type": "keywords",
        "id": 12,
        "value": "define"
    },
    "Token_15": {
        "Type": "identifiers",
        "id": 100,
        "value": "x"
    },
    "Token_16": {
        "Type": "keywords",
        "id": 13,
        "value": "of"
    },
    "Token_17": {
        "Type": "keywords",
        "id": 5,
        "value": "type"
    },
    "Token_18": {
        "Type": "keywords",
        "id": 7,
        "value": "double"
    },
    "Token_19": {
        "Type": "EndOfStatement",
        "id": 1000,
        "value": "EOS"
    },
    "Token_20": {
        "Type": "keywords",
        "id": 14,
        "value": "begin"
    },
    "Token_21": {
        "Type": "EndOfStatement",
        "id": 1000,
        "value": "EOS"
    },
    "Token_22": {
        "Type": "keywords",
        "id": 15,
        "value": "display"
    },
    "Token_23": {
        "Type": "literals",
        "id": 600,
        "value": "\"Welcome to the world of SCL\""
    },
    "Token_24": {
        "Type": "EndOfStatement",
        "id": 1000,
        "value": "EOS"
    },
    "Token_25": {
        "Type": "keywords",
        "id": 16,
        "value": "set"
    },
    "Token_26": {
        "Type": "identifiers",
        "id": 100,
        "value": "x"
    },
    "Token_27": {
        "Type": "operators",
        "id": 208,
        "value": "="
    },
    "Token_28": {
        "Type": "literals",
        "id": 600,
        "value": "45.95"
    },
    "Token_29": {
        "Type": "EndOfStatement",
        "id": 1000,
        "value": "EOS"
    },
    "Token_30": {
        "Type": "keywords",
        "id": 15,
        "value": "display"
    },
    "Token_31": {
        "Type": "literals",
        "id": 600,
        "value": "\"Value of x: \""
    },
    "Token_32": {
        "Type": "specialSymbols",
        "id": 300,
        "value": ","
    },
    "Token_33": {
        "Type": "identifiers",
        "id": 100,
        "value": "x"
    },
    "Token_34": {
        "Type": "EndOfStatement",
        "id": 1000,
        "value": "EOS"
    },
    "Token_35": {
        "Type": "keywords",
        "id": 17,
        "value": "exit"
    },
    "Token_36": {
        "Type": "EndOfStatement",
        "id": 1000,
        "value": "EOS"
    },
    "Token_37": {
        "Type": "keywords",
        "id": 18,
        "value": "endfun"
    },
    "Token_38": {
        "Type": "keywords",
        "id": 3,
        "value": "main"
    },
    "Token_39": {
        "Type": "EndOfStatement",
        "id": 1000,
        "value": "EOS"
    }
}